{
  "$schema": "./node_modules/nx/schemas/nx-schema.json",
  "namedInputs": {
    "default": ["{projectRoot}/**/*", "sharedGlobals"],
    "production": [
      "default",
      "!{projectRoot}/.eslintrc.json",
      "!{projectRoot}/eslint.config.js",
      "!{projectRoot}/**/?(*.)+(spec|test).[jt]s?(x)?(.snap)",
      "!{projectRoot}/tsconfig.spec.json",
      "!{projectRoot}/jest.config.[jt]s",
      "!{projectRoot}/src/test-setup.[jt]s",
      "!{projectRoot}/test-setup.[jt]s"
    ],
    "sharedGlobals": []
  },
  "plugins": [
    {
      "plugin": "@nx/webpack/plugin",
      "options": {
        "buildTargetName": "build",
        "serveTargetName": "serve",
        "previewTargetName": "preview"
      }
    },
    {
      "plugin": "@nx/eslint/plugin",
      "options": {
        "targetName": "lint"
      }
    },
    {
      "plugin": "@nx/jest/plugin",
      "options": {
        "targetName": "test"
      }
    },
    {
      "plugin": "@nx/playwright/plugin",
      "options": {
        "targetName": "e2e"
      }
    }
  ],
  "targetDefaults": {
    "@angular-devkit/build-angular:browser": {
      "cache": true,
      "dependsOn": ["^build"],
      "inputs": ["production", "^production"]
    }
  },
  "generators": {
    "@nx/angular:application": {
      "e2eTestRunner": "playwright",
      "linter": "eslint",
      "style": "scss",
      "unitTestRunner": "jest"
    }
  }
}
